1;2J2-16301-00-00;—;Show;;
;Clutch Assembly;;;;
;replacement;;;;
;999-99999-99-00;—;Show;;
;Not Available;;;;
2;2J2-16150-00-00;from US $356.45;Show;;
;Pri Drvn Gear;;;;
3;170-16164-00-00;from US $10.51;Show;;
;Plate, Thrust 2;;;;
4;583-16371-00-00;from US $103.48;Show;;
;Boss, Clutch;;;;
5;5Y1-16321-00-00;from US $10.78;Show;;
;Plate, Friction;;;;
6;360-16325-00-00;from US $14.17;Show;;
;Plate, Clutch 2;;;;
;replacement;;;;
;360-16325-10-00;from US $9.44;Show;;
;PLATE CLUTCH 2;;;;
7;498-16351-00-00;from US $60.21;Show;;
;Plate, Pressure 1;;;;
8;90501-23391-00;from US $5.68;Show;;
;Spring, Compression;;;;
9;90159-06010-00;from US $1.56;Show;;
;Screw, With Washer;;;;
10;90560-25153-00;from US $25.64;Show;;
;Spacer;;;;
11;583-16111-00-00;—;Show;;
;Gear, Pri Drive;;;;
12;90282-07021-00;from US $5.24;Show;;
;Key, Straight;;;;
13;90208-16019-00;from US $1.70;Show;;
;Washer, Conical Spring;;;;
14;90170-16182-00;from US $3.12;Show;;
;Nut;;;;
;replacement;;;;
;90170-16425-00;from US $3.12;Show;;
;Nut;;;;
15;363-16154-00-00;from US $12.33;Show;;
;Plate, Thrust 1;;;;
16;214-16119-00-00;from US $7.93;Show;;
;Spring, Belleville;;;;
17;90170-18086-00;from US $6.09;Show;;
;Nut, Hexagon;;;;
;replacement;;;;
;90170-18165-00;from US $7.65;Show;;
;Nut;;;;
18;174-16356-00-00;from US $15.78;Show;;
;Rod, Push 1;;;;
19;583-16357-01-00;from US $36.45;Show;;
;Rod, Push 2;;;;
20;583-16381-00-00;from US $107.26;Show;;
;Axle, Push Lever;;;;
21;214-16389-00-00;from US $9.49;Show;;
;Joint;;;;
22;90243-06016-00;from US $1.84;Show;;
;Pin;;;;
23;90508-12279-00;from US $1.70;Show;;
;Spring, Torsion;;;;
24;93315-11720-00;from US $7.76;Show;;
;Bearing;;;;
25;93102-17357-00;from US $7.79;Show;;
;Oil Seal;;;;
26;902-01173-27-00;—;Show;;
;Washer, Plate;;;;
;replacement;;;;
;90201-18262-00;from US $2.08;Show;;
;Washer, Plate;;;;
27;364-16343-00-00;from US $9.07;Show;;
;Screw, Adjusting;;;;
28;583-16344-00-00;from US $22.39;Show;;
;Nut, Adjusting;;;;
29;90201-12172-00;from US $1.42;Show;;
;Washer, Plate;;;;
;;;;;
